{
	"__comment": "Designed by MSpaceDev with Cubik Studio - https://cubik.studio",
	"parent": "block/block",
	"textures": {
		"particle": "block/acacia_trapdoor",
		"texture": "block/acacia_trapdoor"
	},
	"elements": [ 	 
		{
			"__comment": "Element",
			"from": [ 0, 0, 0 ],
			"to": [ 2, 3, 16 ],
			"faces": {
				"down": { "uv": [ 0, 0, 2, 16 ], "texture": "#texture" },
				"up": { "uv": [ 0, 0, 2, 16 ], "texture": "#texture" },
				"north": { "uv": [ 14, 13, 16, 16 ], "texture": "#texture" },
				"south": { "uv": [ 0, 13, 2, 16 ], "texture": "#texture" },
				"west": { "uv": [ 0, 0, 16, 3 ], "texture": "#texture", "rotation": 180 },
				"east": { "uv": [ 4, 3, 7, 13 ], "texture": "#texture", "rotation": 270 }
			}
		},
		{
			"__comment": "Element",
			"from": [ 14, 0, 0 ],
			"to": [ 16, 3, 16 ],
			"faces": {
				"down": { "uv": [ 14, 0, 16, 16 ], "texture": "#texture" },
				"up": { "uv": [ 14, 0, 16, 16 ], "texture": "#texture" },
				"north": { "uv": [ 0, 13, 2, 16 ], "texture": "#texture" },
				"south": { "uv": [ 14, 13, 16, 16 ], "texture": "#texture" },
				"west": { "uv": [ 4, 3, 7, 13 ], "texture": "#texture", "rotation": 270 },
				"east": { "uv": [ 0, 0, 16, 3 ], "texture": "#texture", "rotation": 180 }
			}
		},
		{
			"__comment": "Element",
			"from": [ 2, 0, 0 ],
			"to": [ 14, 3, 3 ],
			"faces": {
				"down": { "uv": [ 2, 13, 14, 16 ], "texture": "#texture" },
				"up": { "uv": [ 2, 0, 14, 3 ], "texture": "#texture" },
				"north": { "uv": [ 2, 0, 14, 3 ], "texture": "#texture", "rotation": 180 },
				"south": { "uv": [ 2, 0, 14, 3 ], "texture": "#texture", "rotation": 180 }
			}
		},
		{
			"__comment": "Element",
			"from": [ 2, 0, 13 ],
			"to": [ 14, 3, 16 ],
			"faces": {
				"down": { "uv": [ 2, 0, 14, 3 ], "texture": "#texture" },
				"up": { "uv": [ 2, 13, 14, 16 ], "texture": "#texture" },
				"north": { "uv": [ 2, 0, 14, 3 ], "texture": "#texture", "rotation": 180 },
				"south": { "uv": [ 2, 0, 14, 3 ], "texture": "#texture", "rotation": 180 }
			}
		},
		{
			"__comment": "Element",
			"from": [ 4, 0, 3 ],
			"to": [ 7, 3, 13 ],
			"faces": {
				"down": { "uv": [ 4, 3, 7, 13 ], "texture": "#texture" },
				"up": { "uv": [ 4, 3, 7, 13 ], "texture": "#texture" },
				"west": { "uv": [ 4, 3, 7, 13 ], "texture": "#texture", "rotation": 270 },
				"east": { "uv": [ 4, 3, 7, 13 ], "texture": "#texture", "rotation": 270 }
			}
		},
		{
			"__comment": "Element",
			"from": [ 9, 0, 3 ],
			"to": [ 12, 3, 13 ],
			"faces": {
				"down": { "uv": [ 9, 3, 12, 13 ], "texture": "#texture" },
				"up": { "uv": [ 9, 3, 12, 13 ], "texture": "#texture" },
				"west": { "uv": [ 4, 3, 7, 13 ], "texture": "#texture", "rotation": 270 },
				"east": { "uv": [ 4, 3, 7, 13 ], "texture": "#texture", "rotation": 270 }
			}
		}
	]
}